,id,name,platform,cate,publish_date,contract
0,875,dice2.win,eth,casino,2020-06-09,"['0xD1CEeeefA68a6aF0A5f6046132D986066c7f9426', '0xD1CEeeeee83F8bCF3BEDad437202b6154E9F5405', '0xD1CEeeeee8aF2791fC928beFfB0FFaC3387850DE', '0xd1ceeeef70c61da45800bd81be3352160ad72f2a', '0xD1CEeee3ecFff60d9532C37c9d24f68cA0E96453']"
1,11604,luck100win,eth,casino,2020-06-09,"['0x1B5B5906306c96b842dc03105E3b38636A4EDa0b', '0x4C549990A7eF3FEA8784406c1EECc98bF4211fA5', '0xD224cA0c819e8E97ba0136B3b95ceFf503B79f53']"
2,11988,PoolTogether,eth,casino,2020-06-09,"['0x29fe7D60DdF151E5b52e5FAB4f1325da6b2bD958', '0xf330C417331f8e2d330e0Abc9E31Ec6056e29d08', '0xbb6365bf44c63971a948d95d80f77ba3e76489df', '0xb7896fce748396ecfc240f5a0d3cc92ca42d7d84']"
3,13024,MT6,eth,casino,2020-06-09,['0x705d456d7a99dfde4244e2670f4126bf02cbba32']
4,11720,Trust Dice,eth,casino,2020-06-09,['0xED0c84dD72f0D4f9721718efA627FD3967740BAe']
5,12441,Play Royal (ETH),eth,casino,2020-06-09,"['0xb3746D30F2A579a2efe7F2F6E8E06277a78054C1', '0xAfebb81C99f28bD83f00A3023736ce6AE12b0826']"
6,10714,TossCoin,eth,casino,2020-06-09,['0xfdF8de115951517d16FDaEdC088D2B67AED5b031']
7,12432,SportX,eth,casino,2020-06-09,['0x0efaB66d0C050519c734bC8B7034Ed68cb0F9323']
8,636,All For One - VfSE Lottery,eth,casino,2020-06-09,['0x4b675B8429224134c05d1D519Eb07b4448fEBbE9']
9,10399,Playtowin.io,eth,casino,2020-06-09,"['0x7777776dd38fCf2a446297305981497F201f85eF', '0x8a91277f3E044291BCf152FC33DE2b7A1565625E', '0x777777d1123591df7f68e053bc182de3cd4fa6de', '0x332f26029dddf3f22a64610edebf9405df685589', '0xA8aE5af0a8083BE09de7eE2A635C51dc57cA612F', '0x777777c3b5dde20e09fe40b37622ae2cd3b055b7']"
10,12847,Virtue Poker,eth,casino,2020-06-09,"['0xd8a5c1181c0e834f7d0f78257dbd4b72f8c3b6d3', '0x8879c51CFf6897D017913c76172e703E0765d089']"
11,12327,smartroulette.io,eth,casino,2020-06-09,"['0xcced5b8288086be8c38e23567e684c3740be4d48', '0xDfC328c19C8De45ac0117f836646378c10e0CdA3']"
12,783,CasinoFair,eth,casino,2020-06-09,"['0x509347488209f80dc1d97076591db92a023556ef', '0x87a3d34e694cf061cd98cdf1621ca8945679337d', '0x544e7805e2e893c2fab3c39c4db49e93db8097ef', '0x8f19f89675422fa420a56a3e20b2e8c8cb295c71', '0xd1b375d46072349ffc01ecb1b0e45c77b8ffd161', '0xe2b9960bdb3202a440ef640d355bc73b714ed82e', '0xfa415c918525501dd4ced89dc616fbb6cdc6b74c', '0x3d2611440e92ce6be5f59aba7d1abfb5514dd919', '0xd183ec9117a8363429b08ae702805538e2918563']"
13,24,Edgeless,eth,casino,2020-06-09,"['0x15F08079310E2c9DacaA73c0e450368185724aEa', '0x91f273b7a28f5169fd7b7995a54b767ca797bc63', '0x08711d3b02c8758f2fb3ab4e80228418a7f8e39c', '0x7Cf9d2dec6ec1147339237b5155Ce35820540dF8', '0xe93fc171cc8f5422efa2362509f9997d4148c04d', '0x0F81e92E206316E9e6d4D9C57F3921Ee60817900', '0xfc44094c53832e8a3cea0e97600950c11f14fe5f', '0x4202B62990c763860FFaF5E4eE935b1459890E25']"
14,12324,Paradise Slots,eth,casino,2020-06-09,['0x5BC8A10Ff788829E465088aE69e99121c2a3E46b']
15,10235,DSlot,eth,casino,2020-06-09,['0x17D0582dEe50A5401BB8F65ac29ec2da50c670Ea']
16,11730,Crypto Lottery,eth,casino,2020-06-09,['0xb898CEaE9B41fF87b2bC22a41E63755604fE4771']
17,11914,EtherWin X300,eth,casino,2020-06-09,['0xde725d5d8ba8d45a66e2196aa4423f26505c39ac']
18,12411,Native Gaming,eth,casino,2020-06-09,"['0x8196cdd6e17991b22816bb9cdD31FAcEeCf2F816', '0xdb9953028eFB8b659C255B5B676b912c57f37e4b', '0x3a2732Aa4A876f2dadeE90E15467d2e5ecd18160']"
19,11909,Dicether,eth,casino,2020-06-09,['0xaEc1F783B29Aab2727d7C374Aa55483fe299feFa']
20,13020,SimpleLotto,eth,casino,2020-06-09,"['0xaD42343Cec1B4e8c20b23d3c50A0c0Cb52e1cD6E', '0x73A195AbE0937baca89B0672D1Ab69AA0CCF1DDD', '0x913fA85293142a474dE06EBF8E16f1f404b9B431']"
21,12211,Okdice,eth,casino,2020-06-09,['0xBF96042D61937B1686B81557c3A92806F1727ECF']
22,12729,Space Lottery,eth,casino,2020-06-09,['0x6c5f332ee52ea5e46a771a10c4a76fb89e29e218']
23,13057,ETH Game,eth,casino,2020-06-09,"['0xe3cc3a13040A07c7e16a88f31ff41e6c6Ff08e4f', '0x403131318a205574C548eE71Cf8C2C427c90F969', '0x38d884F2dB450Ee9A214528474aC8A016b2cBBB9']"
24,212,CoinFlip,eth,casino,2020-06-09,['0xb4aFb4a1dF99C2333DDC57Ec33E57D26E87E78E4']
25,12176,ERC BET,eth,casino,2020-06-09,['0x2a6b1be54cdb969669bdc2b7551c4c74a3225f36']
26,12105,InstaLottos,eth,casino,2020-06-09,['0xe3c9e5b3f9cbd7a2beb01747172a87fae07e2e4a']
27,12131,People's Casino,eth,casino,2020-06-09,['0x8995AD7dEaBd17c31b62AC89EE5f7D850a4BeDb0']
28,10878,IntuitionToETH,eth,casino,2020-06-09,['0x2fb66959dfb573eee9268a8532a631874302772d']
29,12390,EtherDie,eth,casino,2020-06-09,"['0x50A63b640E901DeCe09A4bA6230D93A6F11A19B7', '0x13fbbea6f440c2fa56ff8f90ff984118a2df0500']"
30,12222,FlipStreak,eth,casino,2020-06-09,['0x8bc6878e84f4796634d7b4f8abffe61b49fd1362']
31,11457,LOTEO,eth,casino,2020-06-09,"['0x28EfDb2300ebbF51b50f5471cF28d026378834eC', '0x01B34FE45b5C00b71d6ff47e76781269aaa7B5C4', '0x6802cfbf8e68dfe78f3ec276b38b4215471a46a4', '0xe0198cb337cafa0c5e117132277b6b5cdda53b69', '0x753b5A6a90981E9Fa9d4C6380D76226391c56B0E']"
32,1465,A21,eth,casino,2020-06-09,"['0x99a650192E81772657C7dc047d2E18f67C758E94', '0x5afD5DbC83194A007363f63C37C695051907C4D1']"
33,10295,Russian Roulette,eth,casino,2020-06-09,['0x0Ab2c9e20Aa31fd3a3728a86F2526CCA06A2B76D']
34,479,LuckyBlock,eth,casino,2020-06-09,['0x0e7e6938c3c6bf043e6ec5043bc858df7b744db7']
35,11135,EthexBet,eth,casino,2020-06-09,"['0x7bEbA6D5F523856c8F51C7080543CF69041036fe', '0xb9846a7d15d188263f99f2da6d1fdab2febdb0a2', '0xe04E049bAef6977f8B9d9Eb6215641a19dB5B310', '0xe06d27b95616cd9922a4af2ee95f6802b7e08a9a', '0x95815fa47ce1a6276e0898c9f74638dcd19136ae', '0x3b81fc04de79df41951f31a2aeb4b601c1ade53c', '0xDf61756A3F3F97E0Bc6b8DF9CAEBf8C44F548541', '0x43386190b78ed35551A104BD374522725B20fE57', '0x4bEa2e03A4daf769dCda13322FEaC94eA3Eb0FC4', '0xA6D93468C1F16f2e1009eC321251F0B3147117b3', '0xba5373Bb3BB87699434588C8a2E320AF3b8994C2', '0x15353f4826C570c68977947C349F7a658905b294', '0x331769de477c2122638fe1116808d3a9159ab13a']"
36,10338,HotLot,eth,casino,2020-06-09,['0x46a19d32be761efcab0bef87c92ab3911f3fab86']
37,861,Wesley Boumans,eth,casino,2020-06-09,"['0x78B88F8198FDc9a67CC064C2654CD44962FC6E34', '0xCF7480184A6ca7b10eb73467f05ae21b8500f9Eb']"
38,11247,P3XRoll,eth,casino,2020-06-09,['0x59891b95010267F7A3666dcB3221059a73E11AD1']
39,10019,luck100,eth,casino,2020-06-09,['0xE045b6ee1b2BDb357ea1bd9435De0B07EdA4053A']
40,287,Luckyone casino,eth,casino,2020-06-09,['0x1a460bde3f373f64c101c72857ba77994241843e']
41,921,ethroll,eth,casino,2020-06-09,['0x3D60F58F8BF0c4d45646116257f2717281a3d471']
42,11100,Alpha Play,eth,casino,2020-06-09,['0x338D2d618f48Bf6F6917AFCD1fCfd3418bb0CAcc']
43,12638,Herocoin,eth,casino,2020-06-09,['0xb6cfBB728777315B5c7A00703Aa6888B8CC7AB04']
44,10911,Etheroulette,eth,casino,2020-06-09,['0x0F97c5939D1dd5f8d3520532CaEc7D82b269f293']
45,1154,Bear Escape,eth,casino,2020-06-09,"['0xae7ff4f91e439e592aec2682b2405027dd812399', '0x2f09a1a45f11fb437a3a51fbeaa3e9e77787b599', '0x7ff4f0382cfce13b64dee75f9fe2174f90b26fa5', '0xcad2f62165053b6a9fcd5df1d2d5049220a5bc85', '0x42a253d6cda3ef154fd77ba906b63a8d0e8e5c77', '0x69475351b48dbcfe2990dbd20ba24ae5867bbdb4', '0x36ebc3ef748bf036284593c0d213a3042d299569', '0xE6b9534D1BB387Fa39EaCC0a9C15be793A2D7ee0', '0x5b98ab81c19c40f6b6f16a48cd7bef90a3b06ac4', '0x7e3fd212d09c24d4b4cb607399b5d045c8c6e36d', '0x19510ee1860aee715df032ae95b8ff52040f20cc', '0xede1979d204380b50a242d28a2a79f84de6b664d', '0xca0736308913ca8791a53a9829fe3df04e28c101', '0xe2321a84f4e4283eae4b1eaeaf18e38e8009ae5b', '0x037aE52EF999A0FdAB0eC8163740b6495556C1C6', '0x409e4c030c84ff33b7c97498b35abbb8ecf445f8', '0xee3f9f8aa9f08c4a3db99bcbb25b9ae1ebfbb312', '0xcb7af19089445bedafc242c2f7bb0740ddddb9e7', '0x0ea09c2858e6642a153713704764e2082376fd43', '0x2917bd6a68fc9c18f71c8c33e180fb8082f3392c', '0x8894de425db2eaf4079746753ebea3c2fd434fdb', '0x094c5a7be72b669330ea752d88bd565173be6df3', '0x84246aef92afebff3f11d2f3236162337936d4b9', '0xc7e665a028b3208fac107560e93fc05da8bdf336', '0x6355d7b7c5b7c6287d52c756e86510e770cfa714', '0x46d8fdca6c0512c426d85b7f2a83e32b2622fc75', '0x594dc545a8cc2bf668bed16764d85e743fa8a540', '0x894a31a3ecdcc7f44287984b3d6116714fd9829f', '0xfA48B950b21f82E27A3BBE335c66Bcf60F181694', '0xfdaf76e7b12a972efdc664ca92a023ebc06f3f71', '0x934f99eab4ea7fdd7a30a775496c4573454e3330', '0x60ba3f335984482a944663ae9dd352110e4e23d1', '0x4e9b73563c6108e8f04d18613aeaee514b3670b0', '0x2e2289a53ca22174d1139da9911d1123ae973b41', '0xae53ce81aa241aac5e416179c2aa7d27496014ce', '0x2dba674538e5877ec9d04a172d8c9a3868a83fda', '0x2e33a8643de86043048c07d338ec834d4b9deade', '0xc83442363db45520130ece145adf941edfccdc70', '0x8f311e707de86b9dbf9fc2fdd85965124904c5d8', '0x3dd64611f6738f6910dabbe0d5b1fea4169c573e', '0x90064fc4882d73674252ee16234a64b52fc21fc3', '0x3ac7457055cefefffd3c0265c956098d5cfb64d0', '0x68c23e1c3ac6d082e2a588b66596c80f4af790ce', '0x57C8788d190d48bb398B63cbAc518F3e8604D855', '0x721cf32a88a2b494f64e326de70a617fe6531ba8']"
46,12353,Versus Trade,eth,casino,2020-06-09,"['0x0B80A753B7374903224e8E6D7affA7d563bac455', '0xE61356bd70e76EBa19B52E42402f2f4E5c2D5Eb8', '0x15945130f03501c4f8f3C073632Ae427eEb0DCA3']"
47,1119,Ethereum Auction,eth,casino,2020-06-09,['0x39f996a2cafca0e593d0c46b8365d3936b6cc1cf']
48,10930,E25,eth,casino,2020-06-09,['0xc3ad35d351b33783f27777e2ee1a4b6f96e4ee34']
49,12560,6+1=14,eth,casino,2020-06-09,"['0x5afe97bda7fd1768e5b79a316f52acadefcac863', '0xFaA2D89A5594d6885de8EFe2FaD466D4C1433E4c', '0x7F081AfF302Af60BBBb8e6ff7760283B703F591E', '0x85bF9794a14327b8a1DBbB243717BA4D71847c12', '0x6baE0cDD55E45eF0809afb05BD1DB9bdE70b2188']"
50,10725,Goat Clash,eth,casino,2020-06-09,['0x9f452e458b024e82d6e3ff50a07b8de74c988523']
51,12011,4SGaming,eth,casino,2020-06-09,['0x17602Fbbb680310dFfB73D43489e93d04e45b186']
52,11586,Spinwin,eth,casino,2020-06-09,"['0xF9478F9a6B9A5e7685c226b09C56B78602B65422', '0xb654457bAB03011531eF939Cb31f76Eb36e2ddf3', '0x97c858Fcdbc95Cf9Ba0a0c86aF55B888cac2Fc0c', '0xeA1853f9162Ba2B6594fc18d60C66BF4b6211E0d', '0x11A267697B777cF0353AF94Fdce71e1904317f9e', '0x453939dDbb64A8cE1dA8b0648281CA281DFaA2eF', '0xb42f5366792ed7c08995451C1A93780B7554762B', '0x9C03F5e26363b2D6981Ae633db1faFb04b0b1BBc']"
53,12804,playNumbers,eth,casino,2020-06-09,['0xF847141344c4DdeE0257E29c6206fd19823561b0']
54,11300,DSG,eth,casino,2020-06-09,"['0xE9B94A004875A7D59B539b9240EdE4f6fee5C52A', '0x4D81198DC71FfD13917da27D1a3F8599AC690535', '0x5A889CbA88c2c7CC67652C2DE4e46FC4b9Aba9cE', '0x737F626cF046992E961AFA140C748CF604e013b9', '0x2732dD0F79F6Cf4f257232eA2291FfbAb2c18C15']"
55,1525,PowerEther,eth,casino,2020-06-09,"['0xe235E692Ee3Bc22c1C9B35Cd64317ea8c2Aef000', '0xeEb19C5208c8fb5a01e76f6DDd19e78844659A59']"
56,10615,Möbius Russian Roulette,eth,casino,2020-06-09,['0xe367Fe584ADad878B9174ea4ddD8571878016811']
57,10763,PLinc Hub,eth,casino,2020-06-09,"['0xdc827558062AA1cc0e2AB28146DA9eeAC38A06D1', '0xd5D10172e8D8B84AC83031c16fE093cba4c84FC6', '0x767b8c6Fb76dB2E2A547819ba7Afd2006d3DE6b2']"
58,11272,"Someones win, but someone dies!",eth,casino,2020-06-09,['0xA3389A7bf3ab7b090e171F838034d12f8D3FaA98']
59,11692,PLincSlots,eth,casino,2020-06-09,"['0x2DBB78f3963696f33dEb95b0B0326594AA4BBDd2', '0x399529C2a759dE7D84Fa8FAa4642cE7D5CA911e1']"
60,12052,Guess game (ETH),eth,casino,2020-06-09,"['0xc118FF4762bD568231678918f6C888DdA7d6446A', '0x02818b08e8f92b12C7f4F6ffaB632Cdd64e8c428']"
61,1222,ZethrGame,eth,casino,2020-06-09,"['0x7EA6b937FE5C8734e057c9e86784F734392EB344', '0x9caF6DF977Bc4AfaD838F00f8819Cc2D1D63D6a2', '0x171e2637a76475c3B1F65a303C395635c22073Fd', '0xb9ab8Eed48852DE901C13543042204c6C569B811', '0xD532375971258953263218994966e2a0a3d5C18A']"
62,12165,betbeb,eth,casino,2020-06-09,"['0xe2d6633eadf766625093298b976b97b122a6e462', '0xd495D0b93535611369D6B5C47709146b1d44E00c', '0x383098f60e9d91a4A8A408644e74f33ed9155239']"
63,10791,Megaballio,eth,casino,2020-06-09,['0x3fe2b3e8feb33ed523ce8f786c22cb6556f8a33f']
64,12073,Lucky Strike,eth,casino,2020-06-09,"['0xbfb45549e5630e1f4e6bb4d3f7132563100e08c9', '0xaa19181db32b2f71b0310dc2a926d4c96f8230a5']"
65,51,Crypto Sportz,eth,casino,2020-06-09,"['0x93bcDF398A0Eb3DdA1926F25208d9c9F6a6B5235', '0xE07E252d5F20e876139894699B6C8F732dE0C39a', '0x89A0bCCAa823203d1753D26B70c1fcFCFE07Fd16', '0xc58a2a78C20A2B2Cd91d2Cf42DB8765ba77Ded14', '0xD660cf3d8a6AeD3F40b458A21E67a3f6e0bEF832', '0xedFBA72D9C44BeCda13Edf9A1065b6275b845A57', '0x43c37C47349D0C59e2a444f1C6297E9547640A9F', '0xD4f3af834D8fFF3BCf14f45D35902013373bCc70']"
66,10786,Etherdice.io,eth,casino,2020-06-09,"['0xda548e0AD6c88652FD21c38F46eDb58bE3a7B1dA', '0xb7fC894F2B6764E114362d303E491709A85C01C2', '0xdEB2AA0478b2758e81d75A896E1257d3984D30D5', '0x9a19Dac6399400F0d0d517A3Ff09F68FeD0A49F6']"
67,12852,Ticketh,eth,casino,2020-06-09,['0x7a856a4e0f10f6e7C06D71137C191b8b0980f89F']
68,10694,Lucky Stars,eth,casino,2020-06-09,['0x4a63D5A02399AAc27E50b990C1cEbdA4755FF4eC']
69,37,FairGrounds,eth,casino,2020-06-09,"['0x8d8194537110a4659d4bf0b8df030b0ced50b39e', '0x21594a9ce1c290915242e6aa9c8d29c34eb7f9eb', '0xbaca9c2faf03898fc5197ee90efb6e13df7f1d55', '0xce831af117375e6286eb3c46d696ee3dbf4f4f50', '0x8be732f654e0023537d244937172fa531821d125', '0xef650b86c56519826664e20198ee8211616619da', '0xA3dB4B373b39301f6e1fdF9167349636d693406b', '0xe3e29e4e9c7cdb68ce73dd7bbe06fe395757a769', '0x8c7d36631768c83feae33ec42a843cc2a2fa1897', '0xcc3c51568f7897ec3682b3985f209a6e466d1bc4']"
70,10905,Mr. Crypto,eth,casino,2020-06-09,['0xC918dFbC9ba56735A182aDE91d19190e1c533D8A']
71,10,Etheroll,eth,casino,2020-06-09,"['0x048717ea892f23fb0126f00640e2b18072efd9d2', '0xfaF4a5fbf621B049215C19a73baBd0B94fD9155F', '0x8F3d6447a647Ecf3c185ecbB165D2e6C41FAd547', '0xEce701C76bD00D1C3f96410a0C69eA8Dfcf5f34E', '0x1d3B2638a7cC9f2CB3D298A3DA7a90B67E5506ed', '0xddf0d0b9914d530e0b743808249d9af901f1bd01', '0x3ad2bfea535bf1673f22de61b19f758a2dd0efff', '0xa52e014b3f5cc48287c2d483a3e026c32cc76e6d']"
72,931,FCK,eth,casino,2020-06-09,"['0x722B035cDAf0DaF521Ead7bC3496029A280e6249', '0x58eA969c48D5d12dAD1210d8482af7F69d53F6fE', '0x0bE3e6E3d9E99036CcCE4fD0b692016DE860aA62', '0xf06068fFDa7453ddb32845d7f4e605C89f827Acf', '0x999999C60566e0a78DF17F71886333E1dACE0BAE', '0xd5293783865028f00a1Ab107d9cA0ada686Ca889', '0xDDdDddD1fd4E3708869c00CAbE6b0B9D15181bb9', '0x989176eCE058b69C4598451b779978a443F220a9']"
73,11054,OneBullet,eth,casino,2020-06-09,['0x36b25AF4f44Da998595c28468DDF81038BF53CDB']
74,898,Fire Lotto,eth,casino,2020-06-09,"['0x2734B99e2C62cA70fE753a0cbcD3a90930E1EEC9', '0x10C621008B210C3A5d0385e458B48af05BF4Ec88', '0x2020fE9fA0f43fDe44360AAe03138C4B6AB35055']"
75,12096,YOLOrekt,eth,casino,2020-06-09,['0x1091c132630310aca62f62cb155f2506070c2ec5']
76,1483,DG_AlphaWolf,eth,casino,2020-06-09,['0x36639CBFFe05e0216EFFDd37C2d412a53fB1F7bf']
77,176,Daily Fantasy Sports,eth,casino,2020-06-09,['0xAF13d6C47cFC920EF67070C3450DA659F2170342']
78,912,OOGROLL,eth,casino,2020-06-09,['0x73408bc43f406170335887c76138dd6b9dba7d22']
79,12202,WhiteBetting,eth,casino,2020-06-09,['0x07859fec7b937c695f1f807255cfc4a13c7b7138']
80,960,Ultimate Pyramid,eth,casino,2020-06-09,['0xcD3d95619187A652F1818054c9A2A95c54cC6Bb3']
81,1210,Greed for Charity,eth,casino,2020-06-09,['0xC1315c50848D345Db512066853b414C18703efC9']
82,10914,GalaxyETH,eth,casino,2020-06-09,"['0xb1dd53e2a7b01e49887b6b3ea538d54662c87d39', '0x559cd99b1eb1cd61224d9d2a9aec3f8634bfbef4', '0x6a21a83da9863d929a3d70c55bee2536fa48d544', '0x3cca1b00ba632784811a24ec4c3800fb9bffc52a']"
83,10009,The Blockchain Lottery,eth,casino,2020-06-09,"['0x2E2270057f5010cBC29a025e9D3f32EC8AB37672', '0x429A7e2Ec861A845d23fF7D1bC8913E836933936', '0xA89008be62DdA7e6b9DA532F051c51F97f944CB5']"
84,1529,ETHGG,eth,casino,2020-06-09,"['0xbbfdae4b3fafba81ac518121624d4501d5afeaba', '0x1d1112a2b7ea8e75a2f2b121d6e7c0f958a11fa7', '0xed6fd4acc53e539cb6adbe1639fb3e2565354c12', '0x6da9c5eacf80bf864e34c0efb64d07dce8bb9593']"
85,1392,Jan Pon War,eth,casino,2020-06-09,['0xD4276563d170073482F65b305559e4b73f7A089f']
86,978,ETHSZ,eth,casino,2020-06-09,['0x37bd7d66056D38915337ca0A3A28500c501f00ee']
87,1000,Ethnite,eth,casino,2020-06-09,['0xddD4E38bd7569EDc3451b037e1b9650e3527e83e']
88,1084,Crypto-RockPaperScissor,eth,casino,2020-06-09,['0x66581080e0c262e80a8d2f9aaa903ffd0d47c5c2']
89,1096,DailyDivs VIP,eth,casino,2020-06-09,['0x5Fc6fCb022872718BFfDf1713b927506EC857c1F']
90,957,Break Blockeggs,eth,casino,2020-06-09,['0xa7446cbb3644d14b3ebb1a27aa3a9c479b93a650']
91,1040,F3D Go,eth,casino,2020-06-09,['0x2eCe5039059742E7b6EFe2676B5d40392AdC4b61']
92,74,Etherlottery,eth,casino,2020-06-09,['0x8408f6f74044c1705a99b4675c9d7f534d30eb29']
93,1038,Stargate,eth,casino,2020-06-09,['0xA2a70aCD4C740878EA17c954960ffa5E73eeD182']
94,12693,WheelWin (ETH),eth,casino,2020-06-09,"['0x7F76f816972a1334355CA24b4aC5f88263Cd8414', '0xA6eC196BB2C86aEa5AC88FcFC7A3d87200e96553']"
95,1036,EtherLottery,eth,casino,2020-06-09,"['0xe7FE07E428a1Fa4cDEBacD6f5dF8DD053966c4a8', '0x2D04c7051112C47Ee74A41C723F791b499Aa6B1a']"
96,1423,0xgame,eth,casino,2020-06-09,"['0x3B29e33ebB7B6396624Bd5cA861B1085aA623A5B', '0x68436bdaD62d1F22DaF7247eE5570E7a40E6aE58', '0x01E001d1afFd5003C127cb6aEC612E78Aa0Fa02d', '0x62D4f38E2eA5859f69FCc7b13a2e52768dF337Bd', '0x1178CE8bBd246d4e985c536FB54f7CAB3b08aC9a', '0xfC947d1096FbA2B4D2C0435Cc546792D374bAaf1', '0xB7cF3ce9C1AF0C92456E9ed94af9Aa0BfF208a6d', '0x971FFD582678046dE357f8056F9F4F5B61fa079F', '0x0EC6f68CbE885BB22D959E97eC4B0e9676ac1eaA', '0x02b0C88963bA2D7156B2f530730BA95941F777D5', '0xef26708EF221d748B6599f649bEa68AbC6AD4b57']"
97,825,SmartDice,eth,casino,2020-06-09,['0xCC88D8Ea235Eb37d427a7040674D751A689bA4Bc']
98,10243,Burstbet,eth,casino,2020-06-09,"['0xe9f5e74fe9c4605b2962548246efee23933f6dba', '0xf422a39d2eba2e28046c6f1d08882c1dcbd90c83', '0x4c6b134873a3fc746a41f4885a297815b351b502']"
99,82,Etherjackpot,eth,casino,2020-06-09,['0xc6b3136dABEed22A06eCe83dC3e8D638A735C843']
100,12707,EthCasino.Club,eth,casino,2020-06-09,['0x7a378fd10f90e94fc7ce6cb85613e61b15dbbf50']
101,1035,SingChina,eth,casino,2020-06-09,['0x9251EFcCB139465204E3D6e3269A73B212f24A5f']
102,11322,Xether,eth,casino,2020-06-09,"['0x1d4f123BDA7614084094f75aC13Fb217222C737b', '0x0C073C92e7684031Cfc297b83eCc33619e864d18']"
103,168,CryptoWager,eth,casino,2020-06-09,"['0x8b350ecb6a483471e5daa6f83e688c1890ad0dc2', '0xb2fb6b9989fc3401a3b180fa4246b6fadfa28c08', '0x4fe5b6c4f52021b90c888dcb21551a9b06f98f3c', '0xdf0c9061c8b15dcff8c199a71a87ba538e48122f', '0x1e02f2293a67bc57700c542d7ca135394193c038', '0x47110434a5c6425a605c95ac4497cdf81449a947', '0x0732922b1f60fb5afabd6cb7d7ccb4dc413f2b46']"
104,54,WinSome,eth,casino,2020-06-09,"['0x91a57b2f6fa86b373bce5716eb26c81cbb004223', '0x9e3f0FC2A9eA1Ec8D9e51A7A34c20b777021b030', '0x49516fe7bdc54b29a7f95ff55fdd38d9228e55af', '0x4a0af9db6314e61013dd0c4b2de13d8a226b3b44']"
105,304,1 Finney Quiz,eth,casino,2020-06-09,"['0xE305d64651761d103a1AB96382B7Bd48D54ce10b', '0x376f750589cEEcd0899142c0C3579Ad300c77b28']"
106,1069,EtheRate,eth,casino,2020-06-09,"['0xB4E9Ac159c740b2A57f7c07B813D03Ef29B97688', '0xED719f8c7926C007BF088E37C70963b4D4B9F52D', '0x0a0e7669aD06f67c9d4A6a4721268Dab33576da9']"
107,10632,7 Fun,eth,casino,2020-06-09,"['0x22d2913a4bF16C8dcF1eE655f9b547Ac55368F88', '0x1952eaf73237b42bcd1601e84de901bc78ee2c21']"
108,11822,Be First Lotto,eth,casino,2020-06-09,['0x54B17DF0BB6141c5589ef0D11C3fd7DfA166f627']
109,11423,FairPlay,eth,casino,2020-06-09,['0x73735112a096deaeaddc5795c8539f01eb362b44']
110,1400,Qiulot3D,eth,casino,2020-06-09,['0x6f05Bf7c8d50079Ac864F48480a4E579189DE0C6']
111,8,AceBusters,eth,casino,2020-06-09,['0xe1eda226759825e236831714bcdc0ca0b21fd862']
112,12043,MegaEther,eth,casino,2020-06-09,['0x36119ef81156458c3c1a54c963c187ec672b2e86']
113,1037,Ether Derby,eth,casino,2020-06-09,['0xE9c53852adF6b373DFD8403dB61356bC601E8234']
114,425,QIULOT,eth,casino,2020-06-09,"['0xa8DDbe421894B22E5E5be86D9cf9C24F5600B8fe', '0x37f387fe48c9569500b514a1c7e1f6b04be8d421', '0xa342b71eF080FD75a78251aA83D3f5CE80743939']"
115,10957,GetETH BET,eth,casino,2020-06-09,"['0xc6d63303fa5613c4db63836bed55f8e52d264289', '0x7409a88f44ac96cfae981f444d377b025002906a']"
116,12559,Lottoshi,eth,casino,2020-06-09,['0x3582F0e90a11D1e021B48E70421770A063CC9e57']
117,12853,Square Queue,eth,casino,2020-06-09,"['0x8E0bC7a37D2db44BbC46Ac77A1e4296A5a3Fb862', '0xCB20B0C259370327789fF08Ef304ffDC5B8b72E2']"
118,655,块猜世界杯,eth,casino,2020-06-09,['0x105DbcaE1bd0a2aBbb949cB756D0Ff94bBcfd282']
119,12942,Mythical Token,eth,casino,2020-06-09,"['0x79Ef5b79dC1E6B99fA9d896779E94aE659B494F2', '0xb68A6191CcBC0e4bf74af1635Aa7B2Ab7C09f0dF']"
120,10092,DoubleCoin,eth,casino,2020-06-09,['0x5faA9973F2Cea12cbb02e40b56161bf5A9c0f321']
121,1536,All For 1,eth,casino,2020-06-09,[]
122,11410,PLAYFUN,eth,casino,2020-06-09,"['0x007c2e7b74ae4f7228ecac28288a439be4db32c5', '0x0bE21f14825c4b572F937366C3B499A6ED955Dd7']"
123,10034,ALLBET,eth,casino,2020-06-09,"['0x36fc06fef49e2d92fe9460685d56a5998d9ba187', '0x2aef00e45e610fcd13fbc5b734b68c2353941520', '0x5544b7603c39e7f471a08e761ff0c7362878c70b']"
124,12021,区块龙虎斗,eth,casino,2020-06-09,['0xBD2Da1ec4415436072A454259A87D1eE8599A2f3']
125,12717,TomorrowsPrice,eth,casino,2020-06-09,"['0xd28FC4D54112cD4ccE743542AFA7cd6A724FCf7A', '0xb9595da1C6ecfeCF4766fa8587BF63b951bAab5D', '0x0210891cada70f2bD395F564aaaB76FC59b36154']"
126,224,CryptoJackpot,eth,casino,2020-06-09,['0x5de6d95fcf667e79533b64b8652675f3adaf4825']
127,12460,ERCWIN,eth,casino,2020-06-09,"['0x8bf2b17b5100714aE9d3acFdF0CD8EA1639eFc17', '0x035aFA4DF29cdAE9B0829Aea574D3f2e07c09129']"
128,1217,Fairdapp - Bank Simulator,eth,casino,2020-06-09,['0xB8F93e49A3278bb92f643Ca2491cf80bfa0a01b7']
129,1265,Chanceeth,eth,casino,2020-06-09,['0x042b6475E8e0B8B12D001E2eAFb036Bbea0C4e52']
130,10240,5coins,eth,casino,2020-06-09,['0x9a2a1009e395879f03A038d154f7186293E744d8']
131,10284,Quasar X,eth,casino,2020-06-09,['0xAb577EaeD199D63af1aa8a03068D23C81fBa0619']
132,1079,All for the winner,eth,casino,2020-06-09,['0xc1ae591ca0c12c9762dc9d7588793ddc2a0ab9fb']
133,962,win777,eth,casino,2020-06-09,"['0x43dc4aa237aef5b3046ac0456ea09d05f4342aa9', '0x3201d51cfec86afb324f0095aefb3d5b0467784c', '0x2135D52621e416347c49302c8Ded407115876e6d', '0x3394Ca8D927f67D6FDCEBE6DE6FA96014A993aFD']"
134,10700,Countdown3D,eth,casino,2020-06-09,['0xc735000293cb6790D8b9CC978F4dCce7018d8f7F']
135,11103,MyEherGames,eth,casino,2020-06-09,['0xF1c9eE019Ae6EfBaac06D3C08B1CbAA59B1EcB48']
136,10239,Wagerwar,eth,casino,2020-06-09,['0x07829CcA2F215ceD7aA41e51921f6dD42c906190']
137,11045,Find The Rabbit,eth,casino,2020-06-09,['0x2e9494387868eb9ec6997b711d655de82f53713f']
138,141,Our-Roulette,eth,casino,2020-06-09,['0x30b0d22416075184b8111c0e033fe6f33e6b7996']
139,1457,abcLotto,eth,casino,2020-06-09,"['0xad4769638175f3737ce994d9df9636df8ac80432', '0xde4413799c73a356d83ace2dc9055957c0a5c335', '0xB3030869CB6F67502CE592bE2419Bb948448bf56', '0x4f5816985263bb4eca89177a287b8a197711b23f']"
140,11963,E-Jackpot,eth,casino,2020-06-09,['0xdBAc44c23964A8913AC102b78Bb85Bf58b01e5c6']
141,203,Coinrace,eth,casino,2020-06-09,"['0x30487380ff0727521884053d8842007791a998d9', '0x917ebbb38c13cd795bd1de6f3d4250a638d4a978', '0xe730f31d7f6bcf5406931b7e680c362c2dda303c', '0xcd99cb616f49c2f8fc9687b6f98953f83b07c23b', '0x8515ee7b050b62e99444f235fe92cdf1aac6bcff', '0x25858bcc61c544466b04b1b5b7efcccabac71e74', '0x5dff4aaf908d4c800bb61027a0aa1452d446a6d9']"
142,1072,Trey,eth,casino,2020-06-09,['0x13AfABF464F7D3e6C7CF0E685181d9da3935e01E']
143,10182,Hit 100 million,eth,casino,2020-06-09,['0x3a6E5F1c1B0de5D2B46BABD21C7844c96f5180Aa']
144,12444,Rock Paper Scissors,eth,casino,2020-06-09,['0x70A9C66FA005e1cF05F3ABf571147CB708320e67']
145,973,The Last,eth,casino,2020-06-09,['0xC7d572DBc059Ac297Aa51a340C53D82915ad6Fa8']
146,1078,LuckyETH,eth,casino,2020-06-09,['0x61544D03Fec3dB9b8D55b084bEe1f9D062F7510b']
147,12163,Degens,eth,casino,2020-06-09,['0x888888e88e027e5585fa504954dad6246271aa81']
148,792,"diceroll.app - Fast, Fair Ethereum Gaming Dice Roll",eth,casino,2020-06-09,['0xb316a2a34cf8a16091029bee120eaaa3889b284e']
149,10821,Luck Vegas,eth,casino,2020-06-09,"['0xC7E59783498FE5aBa1aD45fC26983053542a6800', '0x3b6be745Ae49082DA823a0c9c1fF3F2482EA9885']"
150,1310,P3Daily,eth,casino,2020-06-09,['0xe448c94856b36ffb701FB5A578452d32F52788ea']
151,10132,JadeZ Games,eth,casino,2020-06-09,"['0x1E1eb815dB3E66dD4Cc896A6BBF40099a5422886', '0x867d5C0415Dd567989D729939783221E22789336']"
152,1086,4EVER,eth,casino,2020-06-09,['0xc249fE0288E75e47e62B138de8D020c9fEE5A9F5']
153,10453,CoinBattle,eth,casino,2020-06-09,['0xAb2A8db39d53573f4CA903E6BBd5151088120d13']
154,10578,ACEDICE,eth,casino,2020-06-09,['0x70D28b8d6c19f3074a3edF3033f0DeFa7a4cE4Df']
155,12037,Ethflipper,eth,casino,2020-06-09,['0x3cF4B3ec129D2E44514B90E07F13aCf8FE22E217']
156,10005,XPOT,eth,casino,2020-06-09,['0x0dFaF19a15Be6480b7831bA19e7Ed877d5DA40ee']
157,12431,BETTA,eth,casino,2020-06-09,"['0x5C2160f1780d783E0D5e59da6CF4A4439BeCC30B', '0x0B042fFa3c145202de362413582A1447e28e93B1', '0x0219D7AA2d4d153F85781Fbf6759f7612d9AB6d3']"
158,10179,WCG Ice wolf poker,eth,casino,2020-06-09,['0xff0de5951b60fb45537978ebde7a461bd9fbc101']
159,1081,LottoPI,eth,casino,2020-06-09,['0x9A59DD314503cA509b1A3a81816b248865B9f82d']
160,320,Etherwow,eth,casino,2020-06-09,['0x4DF6DE08D11f11EBAd5d9E136B768849426fB8a7']
161,10294,SuperDice,eth,casino,2020-06-09,['0xf3Cb096EA089e2B28DbD447fC1A8eCb823E45f4d']
162,1294,BOOSTO Prelaunch,eth,casino,2020-06-09,['0xe26f6734663ec8712369a076788054e31E1a9a26']
163,1342,Getco8,eth,casino,2020-06-09,['0x60217d0cb9B449cf521bBCF3737a3edA1B326A0d']
164,1028,Game of Bull and Bear,eth,casino,2020-06-09,['0xc9eb220af7bb42ca9f3c68ed8d6b69e2a0cf3579']
165,243,LuckyETH,eth,casino,2020-06-09,['0x38e9d51419DC53Bb8C899A5Fd473ce111B1757C4']
166,1513,LuckyDay,eth,casino,2020-06-09,['0x47663541167eCe0B96d9E5c60F9E470B2a20F598']
167,1138,Donut Chain,eth,casino,2020-06-09,['0x972DC0Ee6FC536378Dde23E63A143cFd9995e18C']
168,10193,MONOPOLY,eth,casino,2020-06-09,['0x6B0bC70b750C0fC77274d0c18B6638bD7eF478F8']
169,990,ETHlus - the first service where you can sell your cryptocurrency higher than its market value,eth,casino,2020-06-09,['0x2b9D139ccd156f11C53B2EaAcb08554412d529A2']
170,10925,CrazyBet,eth,casino,2020-06-09,['0xE0C0c6bE9a09c9df23522db2b69D39Ccb3c3DC98']
171,1455,WCG poker,eth,casino,2020-06-09,"['0x0c0974E57180eb442174F13564B92FfA71503989', '0xAD9620F265CF579649a1D973Ee25652836Cb9Afc', '0xa9fdf426b5aee8b6befbdae4d501122e4588d315']"
172,248,BetÐapp,eth,casino,2020-06-09,['0xda76af4064c7723375756a19e9520fa24c5ec737']
173,916,lasthero,eth,casino,2020-06-09,['0x812F8D75654Ee5A342ecF98DDF166739Eb9Ed58F']
174,12732,Ethsnakes,eth,casino,2020-06-09,['0x1Da631b114e8C693bb650171E5D21FA75F90A090']
175,958,CryptoDice,eth,casino,2020-06-09,['0x1f03a2dec4aa3a491b5c27c5a3383aa484a152aa']
176,10698,Mega Billion Lottery,eth,casino,2020-06-09,['0xead62adc337633c50b8e2e829d4ec835678805a7']
177,1023,幸运骰子,eth,casino,2020-06-09,['0x3Ef0979D63b66FC3c1B1FdF664deB7059B4fB59e']
178,620,Jungle Scratch,eth,casino,2020-06-09,['0xC78c9D561CD66d1Ab28cc0643a1941B93915629b']
179,1288,War of Eth,eth,casino,2020-06-09,['0x8ef2C5A579D779b79584773d6DA1FD637676136e']
180,982,NoBull,eth,casino,2020-06-09,['0xa2b4ee4a6a8c28fc503eae2c51ec2eabd8fee987']
181,1314,Dragon Treasure,eth,casino,2020-06-09,['0x20725A84E22965c533a2C77C6C900948e8086561']
182,10289,KeepGuess,eth,casino,2020-06-09,['0x73dc7e61be8a9deebc1e66559b023904d8ab7e63']
183,10134,Temple of ETH,eth,casino,2020-06-09,['0x0e21902D93573C18FD0aCBadaC4A5464e9732F54']
184,12039,ServBet,eth,casino,2020-06-09,['0x76001aaB10F8A77E4f719DeCeDdf980b4C687aE7']
185,290,EtherHilo,eth,casino,2020-06-09,['0xa1e70923902524faf901a3978f499908f689d114']
186,10690,willwin,eth,casino,2020-06-09,['0x40321a9c92f3fa893f13b4c74b5c1ed8e56566db']
187,12125,Aloss,eth,casino,2020-06-09,['0x19ca2dfd6919803f3b32191c2597a371ae508d08']
188,1340,HashBet,eth,casino,2020-06-09,['0xFED583E897d43D2153bDe9F72abcc8A46426942E']
189,12981,Potluck,eth,casino,2020-06-09,['0x3A4b1bC932D83B3c550A66E12b8677612D3BbdE4']
190,10145,WCG GUN,eth,casino,2020-06-09,"['0x1d49aff4e5a4dae4a75e62d3f21357676dc31b7e', '0x42776ba79f82190c6b6bf0294f37767995231483', '0x5ff985940d3cf399817eda4b5da0f9ca6d311644', '0xa6d327c6164935705277b135ddd61116856debff', '0x6f2426df52edc8b37f0b821c689d24da8d1cb773']"
191,10109,Rush Hour,eth,casino,2020-06-09,"['0xcc4187d2aea21eae69dbbf09830988875a5bb2ed', '0x96e39308c2e49f2f080d3723d9cd90b4596a6d75']"
192,1411,Pipot,eth,casino,2020-06-09,['0xEE52D05a2351151BEAbEDB7a9E38cc1A2095a8Ce']
193,10556,ETHWINS,eth,casino,2020-06-09,['0xb36a782F7DF39C36C09306c8bE0487430c7f88Af']
194,12898,Cryptogame,eth,casino,2020-06-09,['0x3333331365F21e192fD43e599DbB44Eff532a667']
195,1291,MilFold,eth,casino,2020-06-09,['0x98BDbc858822415C626c13267594fbC205182A1F']
196,10947,Cryptodragons,eth,casino,2020-06-09,"['0x6c4e888cb3fb83d6014f9a1f692e924fb41df63d', '0xbc05889af534ea29e333fe5fa9bc9b4767ca7653', '0x8cbfee972b40c85fb34b53d69a82d44cf40c20c1']"
197,12196,BitSwing,eth,casino,2020-06-09,['0xd120546fd587fbb3d82e7e0ad5b467be276c8b27']
198,1102,Wall Street Market,eth,casino,2020-06-09,"['0x1822435De9B923A7a8C4Fbd2f6d0aa8f743d3010', '0x51c46C33064A9d7171dbDbFc65c3BF2d2eF688A4']"
199,1799,god.game,eth,casino,2020-06-09,[]
200,10971,4OutOf5,eth,casino,2020-06-09,['0x93143D3E34A50AebAB466368C3455Fd858F77AD3']
201,46,The Ethereum Lottery,eth,casino,2020-06-09,['0x1e217adc6a6adc16e248af109ab7efa4d1bb252d']
202,186,BillionTix,eth,casino,2020-06-09,['0x096D7Ce60278E623C0B5763A0D04Fde844d2C537']
203,979,FairDapp - Infinity,eth,casino,2020-06-09,['0xFef5497BC53a69875E02AE5b14eEFF668f09A729']
204,1283,DreamGame,eth,casino,2020-06-09,['0x242dd24EA38C56f345d207e2fd728723daf56fe3']
205,823,The Ethereum Lottery,eth,casino,2020-06-09,"['0xFb4d20ED9f88798be8348915AA93B0Ef481CE69D', '0x3C635e7D4A73A09dB2317F0aBCa7243913908929', '0x84C11db586E28544C64f31D8836f07703aF2e141']"
206,35,SportCrypt,eth,casino,2020-06-09,['0x37304b0ab297f13f5520c523102797121182fb5b']
207,10915,Fluky,eth,casino,2020-06-09,['0xdca99fd685991953d9f329e8522569f43ac415f0']
208,1267,Etherbet,eth,casino,2020-06-09,['0xb553D1834CA7650c70D37A44FD9D498Beb5A6a78']
209,13127,ezer.io,eth,casino,2020-06-09,['0x76B9aA7F5e2CC13c712031Ab496A8e2738411806']
210,1114,Luckynum,eth,casino,2020-06-09,['0x7Aa2b9743dc2966DcE660607c961Ec94726FbaCc']
211,10973,Tomodice,eth,casino,2020-06-09,['0xd8f983d903bad3df5a3b641683cc63ce785cc714']
212,11001,Luck100,eth,casino,2020-06-09,"['0x9dBB719bdDc0868ddf24Af7F7841c813c6d5E6D8', '0xa093E7943B942eb82f0a24eE3022aAF8217FE527']"
213,55,Ethdice,eth,casino,2020-06-09,['0x9e762daeb001dc7778d0eb043d530357f0c4666c']
214,11333,CrypToss,eth,casino,2020-06-09,['0x8466349910ecfe1e6f195a6531d320c46bf8712a']
215,11689,Sunday Lottery,eth,casino,2020-06-09,"['0xE4D93FF62F73728fD5dA5eD08a4A0D8898E4C8bA', '0x3c658AD6576bcf8858c021f1030a1a501212613F', '0xF7bc2F1E9c4c5a59d1CCfa52D54A1B7fF1e75c50', '0xA8a5740249068871e8306AA9BAEDFda967DeA2aa', '0xB2125aef2eBF331103E837Fe6ccDd59B703cA304']"
216,11519,Winy,eth,casino,2020-06-09,['0xcA57c5f1635294C4b85c09AB8A5ddEb984F41C66']
217,1357,Unified Bet,eth,casino,2020-06-09,['0x7cd465D1F6A080A932e189DeDA1D4A31C5e5a89E']
218,10238,QuickAward,eth,casino,2020-06-09,['0xf0ce7f26d95e5808e11f27db8491e815eae8f605']
219,10416,PiggyBank ETH,eth,casino,2020-06-09,['0x028460aCeE8af696B6fE5801cb39A712de11b61a']
220,11349,SmartLotteryGame,eth,casino,2020-06-09,['0x9c0c41DEAE93535A5CE08ec42F60EF7172CE0b8a']
221,10322,GORGONA Roulette,eth,casino,2020-06-09,['0x80406630DA2ECA06E293467f2b757049823Cd361']
222,10290,DissHacker,eth,casino,2020-06-09,['0x8Cb36B3F9964F64F3Ba0db4c2f4D461aC931C01d']
223,11188,SoPoW,eth,casino,2020-06-09,['0x28B6BF339AFD2DcEeEebd6B218e798b08F38A2E9']
224,11783,3Duel,eth,casino,2020-06-09,['0xD11851c8Ba1dcEB72207aCB63fAa93253D57Cc00']
225,11307,D2W.bet,eth,casino,2020-06-09,"['0x223012b984d63740b33c913C9748290F46443175', '0xE2A695e148e7bdc5085B7Fc2414535c60557aeDD']"
226,10597,Black or White balloons,eth,casino,2020-06-09,['0x675821e8E9c4A14611e1851B2614f4ECE718C43a']
227,1022,LuckyBuddy,eth,casino,2020-06-09,['0x914cB835d724d0D7d57CEa2D48E4bc9F1a9Db092']
228,1398,In The Middle,eth,casino,2020-06-09,"['0x3DCe24888b1A1dE64405859749C504F23A79821E', '0x98D75B2C6D8D943cbE21306b4FaA8a8163AF66D0']"
229,279,EthJackpot,eth,casino,2020-06-09,['0x957cf177fd2777f062b63bbf0661facf99c9391c']
230,326,DappSoccer,eth,casino,2020-06-09,['0x0a60c803b23cee13b824bde33ebc89a3eb9287c9']
231,1264,ETHBOX,eth,casino,2020-06-09,['0x674F169DDB2484D9112cd3d1703d4dc42Ab55C6b']
232,10557,Clash Hash,eth,casino,2020-06-09,['0xaE33185575973ee122793b5703273e502caEE424']
233,703,以太扑克,eth,casino,2020-06-09,['0x2919336F7a427dE135dC515fc5004B083D171bA4']
234,1160,Blockgame,eth,casino,2020-06-09,['0xb69090fabE3F77E54e25Cf59ec3630Ba73533FdD']
235,1041,Ethertote,eth,casino,2020-06-09,['0x740A61Ad4fb99AF22Fb42cA25F548640ae64911D']
236,10282,Pluto Commy Lotto,eth,casino,2020-06-09,['0x35dd78b60d5598ae258ec2ea6c610b35115eafe9']
237,12135,HyperFair,eth,casino,2020-06-09,['0x9999998a72A185006F1d17E57D4e586599AFB75F']
238,1327,MagicSoda,eth,casino,2020-06-09,['0xB1c01985CdB5e9c4aFcd7d6A2148632eFC9Dc260']
239,1030,Lucky Ether,eth,casino,2020-06-09,['0x59ab94edd6a7c20a8af171d5f1c990e73831a09c']
240,1441,Brave3D,eth,casino,2020-06-09,['0x132E2b67e91Bf0294536B16D772E8deE099Fc40C']
241,12449,smart-lotto,eth,casino,2020-06-09,['0x2A1e5f02FC82f6Ac2ABefA2cfBB67E59cEe987b5']
242,100,To The Moon,eth,casino,2020-06-09,['0x7b26fc24bdb49cbcb5256e8bc8809705ac223a8c']
243,1308,GCIwin,eth,casino,2020-06-09,['0xe8a6d8E9a08281B0E235Ad54DdeDD98920517dFF']
244,971,Pandemica,eth,casino,2020-06-09,['0xD8a1Db7AA1E0ec45E77B0108006dc311cD9D00e7']
245,1089,WizardContract,eth,casino,2020-06-09,['0x13327392Fe03a814e9eb9f575A7566bd0d75C096']
246,11261,Dragon-Tiger,eth,casino,2020-06-09,['0xbc5716fb981c03dd0b50909f7581c53f6461d72c']
247,12388,deFight,eth,casino,2020-06-09,['0x5559dc4b5425d7dd92ba97135f898c329c0cb81f']
248,11697,经典百家乐-ETH,eth,casino,2020-06-09,['0x5a405b6f6ddc69c365023fad3dcdd7953ac66e64']
249,1408,Infinite Stars,eth,casino,2020-06-09,['0xa5f0a510a850F91c9d264f114264665c6f2420d4']
250,10099,以太守护神,eth,casino,2020-06-09,['0xcf5b3f6d55e30486fcd9b8e908d31a656e92b71d']
251,10096,Run Away,eth,casino,2020-06-09,['0xe8063ee1fB96e75db6081657444eEd133766E0Fc']
252,10993,Kryptium,eth,casino,2020-06-09,['0x62c7be4951811e245e9fd487dd8a4f227e6d9ec9']
253,1169,Russian roulette,eth,casino,2020-06-09,['0x2A9D3ab026F85A8901882aea9173DE98A9033701']
254,1029,Raffle ETH Everyday,eth,casino,2020-06-09,['0x5ec28acd52fcdb9be4370d13d8fe3879cc9f5c22']
255,267,Last Flip Wins & Low Risk Bag,eth,casino,2020-06-09,['0x66b1e7e51a441f41a0584820a629ba36fd2e2dda']
256,12177,ETH Magician,eth,casino,2020-06-09,['0x66666672e63f056350c3E79dc605eDC36AA8B952']
257,1214,DGMonster,eth,casino,2020-06-09,['0x8EDA35eE8B4ebA2a9eAAC1aB85418B24c6cCcAc7']
258,12998,Red Ball,eth,casino,2020-06-09,['0x2B4ea7C2Ab7C693039B8a52E5A85206E2A54AA4e']
